name,rollno,email
ashish,2024001,ashishmehtanewacc@gmail.com
ashish,2024001,ashishmehtanewacc@gmail.com
ashish,2024001,ashishmehtanewacc@gmail.com
ashish,2024001,ashishmehtanewacc@gmail.com
ashish,2024001,ashishmehtanewacc@gmail.com
ashish,2024001,ashishmehtanewacc@gmail.com
ashish,2024001,ashishmehtanewacc@gmail.com
ashish,2024001,ashishmehtanewacc@gmail.com
ashish,2024001,ashishmehtanewacc@gmail.com
ashish,2024001,ashishmehtanewacc@gmail.com
ashish,2024001,ashishmehtanewacc@gmail.com
ashish,2024001,ashishmehtanewacc@gmail.com
ashish,2024001,ashishmehtanewacc@gmail.com
ashish,2024001,ashishmehtanewacc@gmail.com
ashish,2024001,ashishmehtanewacc@gmail.com
ashish,2024001,ashishmehtanewacc@gmail.com
ashish,2024001,ashishmehtanewacc@gmail.com
ashish,2024001,ashishmehtanewacc@gmail.com
ashish,2024001,ashishmehtanewacc@gmail.com
ashish,2024001,ashishmehtanewacc@gmail.com
ashish,2024001,ashishmehtanewacc@gmail.com
ashish,2024001,ashishmehtanewacc@gmail.com
ashish,2024001,ashishmehtanewacc@gmail.com
ashish,2024001,ashishmehtanewacc@gmail.com
ashish,2024001,ashishmehtanewacc@gmail.com
ashish,2024001,ashishmehtanewacc@gmail.com
ashish,2024001,ashishmehtanewacc@gmail.com
ashish,2024001,ashishmehtanewacc@gmail.com
ashish,2024001,ashishmehtanewacc@gmail.com
ashish,2024001,ashishmehtanewacc@gmail.com
ashish,2024001,ashishmehtanewacc@gmail.com
ashish,2024001,ashishmehtanewacc@gmail.com
ashish,2024001,ashishmehtanewacc@gmail.com
ashish,2024001,ashishmehtanewacc@gmail.com
ashish,2024001,ashishmehtanewacc@gmail.com
ashish,2024001,ashishmehtanewacc@gmail.com
ashish,2024001,ashishmehtanewacc@gmail.com
ashish,2024001,ashishmehtanewacc@gmail.com
ashish,2024001,ashishmehtanewacc@gmail.com
ashish,2024001,ashishmehtanewacc@gmail.com
ashish,2024001,ashishmehtanewacc@gmail.com
ashish,2024001,ashishmehtanewacc@gmail.com
ashish,2024001,ashishmehtanewacc@gmail.com
ashish,2024001,ashishmehtanewacc@gmail.com
ashish,2024001,ashishmehtanewacc@gmail.com
ashish,2024001,ashishmehtanewacc@gmail.com
ashish,2024001,ashishmehtanewacc@gmail.com
ashish,2024001,ashishmehtanewacc@gmail.com
ashish,2024001,ashishmehtanewacc@gmail.com
ashish,2024001,ashishmehtanewacc@gmail.com
ashish,2024001,ashishmehtanewacc@gmail.com
ashish,2024001,ashishmehtanewacc@gmail.com
ashish,2024001,ashishmehtanewacc@gmail.com
ashish,2024001,ashishmehtanewacc@gmail.com
ashish,2024001,ashishmehtanewacc@gmail.com
ashish,2024001,ashishmehtanewacc@gmail.com
ashish,2024001,ashishmehtanewacc@gmail.com
ashish,2024001,ashishmehtanewacc@gmail.com
ashish,2024001,ashishmehtanewacc@gmail.com
ashish,2024001,ashishmehtanewacc@gmail.com
ashish,2024001,ashishmehtanewacc@gmail.com
ashish,2024001,ashishmehtanewacc@gmail.com
ashish,2024001,ashishmehtanewacc@gmail.com
ashish,2024001,ashishmehtanewacc@gmail.com
ashish,2024001,ashishmehtanewacc@gmail.com
ashish,2024001,ashishmehtanewacc@gmail.com
ashish,2024001,ashishmehtanewacc@gmail.com
ashish,2024001,ashishmehtanewacc@gmail.com
ashish,2024001,ashishmehtanewacc@gmail.com
ashish,2024001,ashishmehtanewacc@gmail.com
ashish,2024001,ashishmehtanewacc@gmail.com
ashish,2024001,ashishmehtanewacc@gmail.com
ashish,2024001,ashishmehtanewacc@gmail.com
ashish,2024001,ashishmehtanewacc@gmail.com
ashish,2024001,ashishmehtanewacc@gmail.com
ashish,2024001,ashishmehtanewacc@gmail.com
ashish,2024001,ashishmehtanewacc@gmail.com
ashish,2024001,ashishmehtanewacc@gmail.com
ashish,2024001,ashishmehtanewacc@gmail.com
ashish,2024001,ashishmehtanewacc@gmail.com
ashish,2024001,ashishmehtanewacc@gmail.com
ashish,2024001,ashishmehtanewacc@gmail.com
ashish,2024001,ashishmehtanewacc@gmail.com
ashish,2024001,ashishmehtanewacc@gmail.com
ashish,2024001,ashishmehtanewacc@gmail.com
ashish,2024001,ashishmehtanewacc@gmail.com
ashish,2024001,ashishmehtanewacc@gmail.com
ashish,2024001,ashishmehtanewacc@gmail.com
ashish,2024001,ashishmehtanewacc@gmail.com
ashish,2024001,ashishmehtanewacc@gmail.com
ashish,2024001,ashishmehtanewacc@gmail.com
ashish,2024001,ashishmehtanewacc@gmail.com
ashish,2024001,ashishmehtanewacc@gmail.com
ashish,2024001,ashishmehtanewacc@gmail.com
ashish,2024001,ashishmehtanewacc@gmail.com
ashish,2024001,ashishmehtanewacc@gmail.com
ashish,2024001,ashishmehtanewacc@gmail.com
ashish,2024001,ashishmehtanewacc@gmail.com

